Feature 1,Feature 2,Feature 3, Feature 4,Feature 5
-15.425737455166173,-5.3920306555197,2.1043815791644045,0.9349774106547792,0.8024418720424773
-9.949453605944745,2.880188405197778,9.1911178474597,-7.359202344296245,-6.63510050277047
-6.831080665120645,8.527373410673931,7.451029758224145,-4.788124367846436,-8.367772016787134
-4.271555324074718,14.381974686883495,5.27756404624962,-7.559853967519818,-4.957177887632916
-5.026850192720666,8.086649000644679,5.633669130438793,4.89980506530781,-8.31714990468714
-7.842017003678103,8.71874474669039,3.7705351058379963,-6.869838114647636,-3.0972547967454296
-0.9462757351943569,-3.2249428632350394,1.98835789991894,0.6366731290056991,-2.910657364195794
-10.88218607803056,-10.642430688489652,8.282868717926315,-2.7566809657308324,5.482875769802106
-11.196200449426096,11.822370438083322,7.750714756212457,-0.23866675604910892,-7.033898602973544
-7.023111945548625,-6.687854573614159,3.1657238660191176,1.7446483770135726,-9.713980782753442
0.3562293384509645,6.057107989191691,6.152018382781635,0.38239682882340964,-9.258245687938302
-4.262737608435513,-6.887724222760028,7.025995324160554,7.562211223007173,0.9511972569424509
-8.556875135090712,-7.7066921314424475,12.020095003201725,1.8250494516452123,2.4958529758413137
-1.2366383849541762,-13.182369457884743,0.7271050456384573,3.3423435850241727,2.6552888828630756
-2.7529891533410886,-9.288494517733591,7.70025227591333,1.5030847620125667,4.208188698665311
-1.9137122570791938,7.7054542472677205,7.202506725599546,-1.1268879287308495,-0.34522199138061893
-4.307322691914068,9.030017227352872,4.780820617522328,0.622973269503001,-5.011077394108774
-8.520686416997123,-8.936587567284006,5.693248602097408,-0.11623711316731722,4.4807422389966
-10.688783349528014,8.22292259610842,3.881622262512928,-0.9070907180261516,-7.330462063492007
-3.403799384174757,13.023295735019314,9.721040393442824,-3.9756369388309274,-4.028417427358074
-7.1082979909326305,0.8807863707049055,2.177886976468473,-2.2475405812451665,-2.0845539825069546
-7.760572423565301,-1.2919875986710627,1.282812619650532,-0.7803298930550521,-1.6227233095352447
-5.683086245887557,14.082730633420443,6.744865263205735,-8.013471397473028,-4.983584227040638
-4.262377436255415,5.817286547970446,9.40631533683844,-2.751470832305542,-8.375361283087923
0.3619906356465732,-2.001001836486974,1.997662057478128,-6.764272829615902,-5.803438595241227
-6.853450647544722,4.791894805068656,2.484546172470793,1.3328282288051903,-5.946904494357256
-9.275001326891308,-12.976285440679593,5.130732795672946,1.9229193162427844,9.545125146474271
-2.56473703102992,8.148310211437906,5.60803451724237,-0.5085231467162368,-5.321587648427753
-5.592395467635309,-2.42048989531889,3.915575748208557,3.3805224325474352,-7.220699771522767
-3.9600330054430177,-9.825466593944752,3.1729206475426848,-4.994615415000029,-1.9831248388395877
-5.351648447837663,9.159272869502741,8.005968204757638,-8.940398370875116,-5.078579364235042
-8.546540950756711,-10.750489138555563,10.890572508821359,6.2838129788337405,2.44921267467248
-7.361927640868275,9.624497959944664,1.8429553803169298,-6.4914052508243225,-8.893240441806563
-3.0754819615905102,8.870539605942875,7.018467236361893,-4.098761658313075,-6.232693316740627
-4.945391804685495,2.1577737290513124,-3.594393381133674,-0.7919811243264983,-6.161363729428988
-3.0661745530442017,5.695281206180237,1.051258963986089,4.410747151123326,-2.810907105438801
-2.3035086986346682,5.827374987020007,6.060656128133646,-0.7851030187606773,-2.2298239760986522
-10.935163410124947,-11.765947515568008,10.484448305322221,-0.8258964316316533,12.058597750433082
-4.827673266665466,8.303830307978295,3.183788192740791,2.2187921020997,0.06434850886925592
-9.636065432728541,-11.850750056892213,5.020130220186318,1.9182455727038321,4.864095753530471
-5.080670292301598,5.801608634014984,6.087296081957657,1.3027813279631792,-4.737625708874994
-6.559762873858892,-4.874697710573777,0.9504026093909783,-3.8665283320477544,2.093198969045159
-4.379522708449173,-14.819534684350376,8.445692625041419,5.705307212284052,0.5325284998472926
-5.8983181870256045,10.60369866194417,8.964584698201802,-5.441763816441136,-9.2703129575627
-6.816784076591069,12.5037773846632,4.670578019286863,-0.9713562692031208,-5.493316768361458
-9.061521120750552,-9.580883663290525,7.100222628198564,3.8843165275162095,4.694554558720671
-7.856330395873256,-4.35849609726166,-0.864616594424283,2.996302976254551,-3.195182902232201
-5.0904377189046075,7.860619495508845,7.658757263871423,0.24249407537128587,-4.372550854955845
-2.1875475668598643,-7.791943226126102,2.5642520483803404,-2.8700239388117144,-3.3849555500459827
-8.168326216651705,-8.471435247539159,8.953417002607868,2.1688804458412885,4.283226629532556
-10.88614266940625,-7.69773420361812,9.155280151350173,3.701671578657295,7.4037937325847745
-5.041787878088238,-11.99857444615698,5.452216033411288,7.764394296464534,3.589404353630869
-1.1737760843094334,2.06239091869511,-1.8048411307052863,-3.0097710348834257,-1.5966535350997555
-4.189740743643659,11.256166943568108,6.470989632528496,1.9104649020482876,-6.5276450412249245
-10.149742909097597,12.355387030279475,10.21101097070269,2.0154731396213643,-4.624601136217261
-5.883123898566358,4.411943615991454,8.472909301923629,2.970111719879507,-9.125086800820931
-2.1810132392380717,11.191585999894397,6.082906531438241,2.6448217567781263,-9.251050557487206
-2.8926520028786524,-8.2487642475316,9.450534188264239,1.7530931520024955,8.481803202269328
-4.7415616434392565,5.69515042760012,4.871460038549753,-5.832435057311258,-5.523017179399167
-8.69526105865604,-5.7776979355625935,-0.009302823109611502,-2.7773713602490675,-10.113316627166524
-8.110993200827995,11.073066699321862,-0.19826877734085357,0.5573740865724317,-3.6127754002491717
-10.545471921083806,7.010119472829419,9.87687423180423,-5.689282840418651,-0.6599285985989658
-3.4273558213327404,-4.9090802903592134,-1.3415815708784935,-4.61655120683108,-6.651648785976027
-5.950647462594864,-6.936997113839714,8.564920207853199,1.4664372582310508,3.7719894567206302
-8.472715912036909,-10.306646084190676,10.456005546705919,4.0679747037431095,9.70157353312901
-1.91201853633234,7.213635496721937,4.849285091198158,0.8172288933554515,-6.539075155397526
-6.662717224736662,10.901479553059422,7.217597665804666,-2.7500795087330534,-14.4731975348557
-6.985075064766832,-3.5259258497294805,5.442621742135401,7.459645908854962,6.284707362287335
3.2190522983576413,4.818583406740898,6.328786546299813,0.021241976575251176,-8.341003342445358
-7.793595495271981,-5.9422793782940815,0.597585885108831,-4.622837443746093,-7.432892582694718
-7.017709548951379,-6.898203264634782,-7.191872343741174,-1.9341829149581922,3.0624290687995863
-12.738932444867409,5.498090460170735,3.6632990598429127,-0.6913828847702062,-4.34009919788802
-12.406316295540215,8.96593437607504,3.019768587485113,-3.9534315964458635,-1.7712481588268956
-16.043756318071864,7.240737085512626,6.015462099525353,-8.714756367888029,-6.757271557134902
-7.919620085881972,10.765860359484709,13.143859850711689,-7.683772477574906,-3.579980271614276
-4.320467951207686,-7.130726839929712,-4.166147665403436,1.0925693469174007,-3.0461886177466115
-4.503156992791692,7.53024895803653,7.232675181720164,-7.980629543528622,-10.323568189520106
-6.748675177338618,-9.279333761521476,10.215160265883432,8.65386923963823,2.488976200897408
-13.019488736045936,9.723876160569455,6.549162844075053,-6.377568358252096,-6.74911319017478
-6.287310779198748,-2.612545138760214,5.25595946123,7.230191644359923,4.755183906308853
-7.506855505196697,-3.1077743170739236,-0.5344481938474743,0.5036160424104672,-5.284248204170063
-10.168934853961552,-13.158480404418894,12.10703810517362,-0.5185838100908078,1.1872745075519875
-8.120748723640961,11.302361448925195,9.977952341877106,-4.523761815648939,-7.087273619713615
-7.333368272199353,-0.3957812280493216,1.604055209239039,-1.683006059170372,-2.832266418608328
-9.03377200687493,-1.9999793639840966,-0.4907267946021966,0.44846266608934404,-5.807759202381739
-8.933300450064024,-5.889504608035016,-0.4160494536852367,-5.39871239757733,-6.633190775203655
1.412230639794534,4.191836424514639,5.193780411825014,2.7528180666860025,-4.534158575819339
-9.417270739392698,10.203973879829658,11.23425809524603,-4.229710517565605,-4.748612418709088
0.05999875991766679,9.656567360588934,0.9026625000921373,2.492712461494278,-5.72367505196476
-6.90462117811322,-1.7558813143647,-3.384690240968734,-4.230408757611711,-2.758198362398029
-10.19933136461485,6.764249282970203,4.168211753888856,-6.432654462139057,-5.261404135409453
-5.16076993165615,9.475461446034906,4.814504991566101,-1.455741209551137,-5.80626511010642
-1.7781359885770134,9.74918584152449,3.119049310114712,0.5600547670857636,-6.1834773790783615
-6.766099158771346,-8.478233776481227,9.164076833689954,-1.0460774607310412,3.3893219436508737
-6.22265861028413,-8.090176705503744,12.055882754789126,1.7364136377033192,4.998516133231926
-0.8791170459129449,7.026414851360782,6.351674842007579,-0.3166077856868186,-12.294273493144827
-2.403406967137564,6.915109604220564,5.281818568430768,1.6361855348682426,-7.542535989750939
-7.499147771713805,12.264112668951418,6.914073474883978,-1.3206275432686914,-9.788567998258504
-9.2432318766417,8.917798656539965,8.662873045359833,-5.11362790172141,-8.619408651074444
-3.3116981265020247,-12.521151202046987,9.115723125048277,4.125818461796871,3.2687610458409333
-13.005314198548819,-9.579859904197802,5.277570171505308,-0.9825597948205709,3.318150677263044
-11.052044338521059,15.870121683036396,4.83170804699842,-3.526931670406556,-5.465622914638512
-8.62357122858631,5.9900271954461095,-0.9724969268494661,0.9186292318168059,-6.824372053582615
-11.62145622334027,15.438358785819755,7.058458809256648,-6.849182440370803,-5.8094597382632625
-4.10620854453764,-8.659436646875488,5.3827125823819815,4.116970175704946,5.341907712186158
-6.644204022327675,-14.832929810232333,10.072505939606147,3.0617656625581535,7.155481885499865
-8.909286499453756,-3.4355064579035632,7.203049063565673,-2.270025071489969,4.545764800653277
-7.645041245538512,-4.326348790887945,-0.6293865096803328,5.2968207906315605,7.899707133413796
-2.4701919474190293,13.374888359670273,3.845908336514233,10.133677183709588,-5.002625147856252
-3.8150883015224872,-5.766914700450015,-1.1797766291933343,-4.66156232607277,-2.856913504178482
-7.141098476466061,11.979617508319123,4.89962050030162,-6.254582927793711,-5.515760804393088
-12.010614771245823,-12.88288402295315,9.553315197566848,2.534896549248001,3.6095015468628713
2.5153734729948516,-0.1811163985988853,-3.5580944659793072,-5.328473497388396,-2.729819010883687
0.7597076809267582,-6.273113238714193,-3.648005176816567,-0.44964384034305804,-2.010729680660731
-8.888661720293445,12.25760694497962,7.510225311613908,-7.590529910355791,-5.278990080239683
-3.4196887242629845,6.088571946074836,5.98509194525112,-6.583657686101239,-5.441280562430686
-1.3474993057472693,-3.85249567592136,1.1872313498008076,-5.141593922675426,-6.024501420157594
-9.377176312588633,-7.424081087476798,5.66685378265579,3.921095688130708,4.7702206184748075
-15.096926233393841,10.922171023977517,3.338752997486815,-12.211889565291926,-5.197764842265095
-5.972203197558847,-11.101155306694084,7.131107875719725,3.008587465774617,5.125523202271728
-5.80144718651313,-5.555195394571042,-0.31983669833340256,3.659256643737926,-0.1540340406681171
-0.007281875503721835,-13.007045156926798,2.387326674628028,5.090011530893096,11.480708774938726
0.23700873005347223,10.000539457177375,3.050598224926985,3.5129719832808,-6.588394543107149
-6.765465815077877,-6.29241490380913,-0.4287559562723635,-7.041943628019042,-3.535536073920346
3.047636930474063,8.97379445398452,1.4667460493604003,4.4408044202502985,-10.542158141064338
-9.951154559907296,10.656794374960969,3.9863762826021354,-7.065592687404708,-4.196356582374674
-11.174160159333221,11.157289099505165,10.363702030309343,-5.689403056226292,-5.437001618061096
-4.985689213430285,8.050128603239342,5.878673199054974,0.28199602552880787,-9.346288377850565
-8.944560628809118,-2.081020340603084,10.268819376473486,1.0478060843383084,-3.3367655886998104
-2.8302887029164236,5.908559160940199,2.9789309201865555,-1.6204639938258136,-0.9854517924021025
-8.601209605091684,-8.911391533418959,13.750333991334294,7.20492974516631,5.470422564943005
-3.6712476326394228,-5.1774405218524056,-7.317512937236645,-0.7642551867682016,-2.865201540838633
-6.11202039033432,-5.8902548047994685,12.319946248886433,5.0654104299185665,-1.3611711380740275
-2.61333293216848,5.508252015339726,8.068347279773164,4.228968782001054,-4.506531350022129
-9.252548402044729,-2.486081832740588,2.011539110144638,1.819530095338954,4.103562920694072
-9.097489242307264,-6.927027257053741,1.1169306208415892,-1.153066616048934,-6.340629856050921
-2.9645529081595,10.77923774765205,5.482854439433199,0.10507112447895062,-7.5039939422230955
-4.9566284779490655,8.78298099995601,5.663334760678033,2.8032420819307893,-4.3980774440431984
-1.437859908517511,13.447968262422869,3.085068181407159,-0.4523111247388307,-8.38489832190488
-10.959678016215705,-6.599567058554348,9.259975458921929,8.512064404780556,3.2381168510619065
-7.999231851013759,9.186700709062613,8.108357747487041,-5.559794542004116,-12.289900354919602
-2.6877736912381502,-0.7095158920088966,1.5667159122252317,1.2154652297612512,-10.622976737045818
2.1049120763451574,8.906808010868467,9.333809803670121,-5.886065628328501,-4.413919678025598
2.388036288742156,4.723861994316423,3.31974537613715,2.365391415799006,-2.5558073239529238
-10.211837129673434,-3.581516426365142,10.130558094941087,5.836965519846652,6.326467748050614
-4.4816652801782375,10.120456581705591,14.45390215854962,-4.056688849539844,-11.645788933325441
-13.340279934087091,-10.755212999704517,3.354253535276208,6.948345715273283,7.190902823948811
-5.692698992963719,-7.356237197787793,8.105544212970425,0.3713847733279154,2.146581452106754
-6.744025168129514,-2.7437605910225766,0.18546337384726858,-0.5650125789587999,-5.923693168873907
-5.0689909697631546,-2.439098596830848,-1.082975895357984,-7.821128386771418,-0.8839590607780741
-13.64836127776061,-4.317992627368158,4.763373040944577,1.4175465795670918,-1.279224742265649
-4.841812133221758,-5.311086511149405,0.17728356973235027,6.571930413893419,-8.684328181224622
-2.823139825648003,-4.603327373013329,0.36469778320317,-5.954422134824852,-2.6326529279856565
-10.98951853201318,-9.103173901689775,15.06265092846166,-0.38872346904501676,9.07880197225311
-4.578670861513871,2.0141666127372115,-4.197596202488397,3.4905380977481864,-3.8623493834695224
-7.64206901105311,-4.113552984686713,6.794294000144303,-2.1021767293956755,-5.250437652102828
-10.169288491923105,7.247730081431471,1.049242964789256,-6.001259843962575,-6.728743181007839
-8.958825186663669,-10.993549553343602,10.008296046332028,1.1374511999880923,7.90467777394211
1.9168710277959056,11.587264997804379,4.16006324633782,1.9161210602326655,-9.887215285064697
-6.490671501058979,12.778312453722636,3.375953525362841,-6.9856606502982315,-9.680614661315795
-5.403968004793064,11.07244050819364,7.815152296776865,-3.3030487753286106,-10.429402729148595
-10.515937345233542,7.141727826468136,7.606376347265977,-1.731866448365043,-11.989018064795221
-1.4870500127273791,-6.915799172834981,5.609985946150313,3.7400485789326514,8.359517865678916
-3.9817382750835373,-4.669771798942732,-1.2974019514301673,2.9060099579378376,1.0412817953535756
-12.127380079056572,7.4675475462875,9.73873526875192,-6.7575437827541,-7.5744460455839775
-4.286379395769358,6.422313819158873,4.785443720062583,-0.5196806652923813,-6.068256713811754
-9.120442383508554,-8.404742906079482,-1.4549431705759375,-1.6114135365287678,-8.524352855134751
-7.4574989439031345,-4.868300431077948,4.3400600176560635,0.3119735550176883,-7.509791066850257
-3.755061364755154,10.912631726517176,11.451957409641288,2.5187684491162177,-6.134965432250262
-5.0542481843522165,-3.8577118085619895,-1.4293320944881716,0.10251722745553682,1.2376271333210678
-12.583466431648827,10.303572742698284,8.947093651162508,-2.072418114781554,-6.663962885297846
-7.13501121648309,13.568819690291825,8.322283735064023,-5.722159926904335,-10.299009352908467
-9.038064466003854,-6.5241443846333285,3.8714329858890655,-4.929335305759668,0.7526016637287292
-5.4489871116065824,-8.607862083455244,3.4745462429329943,5.011100693205596,2.6801818064369716
-14.893628210772505,10.36770018579423,6.20604505711243,-7.151327292039204,-11.147609857658374
-8.428243777928069,-8.54996542581306,5.936697049383576,0.718811552567229,3.2339351855149907
-13.261204822952049,8.771127271381811,4.097291453380535,-7.494788135848645,-4.597765442596159
-5.449237415890843,-4.6183785417582115,-1.8561683641144322,-3.4327227841064634,-6.923992942482888
-1.8023539487270523,11.326881709859222,0.20412009888857696,5.404431813561519,-5.864137968668028
-1.862392432762837,-7.581270728537875,5.208487348223477,1.8549930018910576,5.836432293486077
-3.9951002923949814,-2.5418365423535882,5.518605932687369,-1.3778876836448248,-2.1691922292616233
-6.824807794079767,-7.795582640550997,5.7042438745706185,-0.3126139413427622,4.748987321213954
-4.44891627578033,5.769642117355136,9.701303741445795,4.6180889547890835,-6.903545115101122
-14.994251426824011,11.02258522785425,8.926318296916376,-7.482748988614635,-14.136627532292717
-5.823943403733056,-12.592946029207344,11.654816727718481,1.7758466996864692,7.513339050685292
-8.827376427622658,-4.116690010957312,-1.652151334687498,0.6850565699801745,0.28632126996862084
-6.612183065474383,8.87331777315366,4.381617337529901,-4.143688255723266,-9.058904601231099
-0.6666975229224745,11.286809258340238,3.048375393396519,0.24571496200669207,-7.704782282606202
-0.043017143069280284,14.704665076160165,3.9037144882194896,-0.28803880913173696,-9.54817048002784
-5.851933554142834,-7.468068099174658,9.032824756195314,3.3654259149161208,6.089619835523541
-2.3163575657663618,5.781051794410403,2.4939677084481966,4.01196293074476,-9.07072708630268
-7.170248928887124,-10.473085017062859,8.520931258554915,1.9093961275896305,7.4713572019704735
-9.082927185275109,13.350989650063765,3.6292251201695125,-2.3335821030473407,-2.412155453838392
-6.220049755686996,5.052916288945493,6.205703533078794,2.8641237036402902,-6.128148640113641
-11.241867263069551,6.943600392972964,6.6387294437755795,-6.263771654009262,-7.723184803839813
-0.8268440439480469,12.263439857724153,7.8012849923328105,-2.1598384199305407,-9.693102310896638
-15.153075706924163,-1.9474528112199625,1.0793372168010817,-1.4172258964953774,-5.340972555305819
-12.586216810968683,7.883872279555234,9.170712895522094,-4.113017081830339,-7.08029695336707
-1.483929695721272,14.64279864584598,7.491150350786253,0.24245871695352283,-9.574871205196343
-13.853742114309483,13.902197999106345,5.680813299482028,-6.505716835799619,-2.3789182303108136
-11.274814193818857,8.770531422006302,1.5985382393455847,-8.170827985923044,-3.4689457565656148
-4.578596601029732,10.58221163270883,3.0612036299028826,-4.419409781774055,-2.773606195921034
-7.648601210325382,13.07590325069456,4.296259300470248,5.686618619861117,-11.66291016753437
-7.978351856502092,12.955309507228877,8.805712748003636,-2.765074729017028,-8.633885921566371
-8.7869301610495,10.924372112929687,1.9052807099120352,-3.0681028442061304,-7.812683810908306
-6.998775054845912,-6.7938256645181365,7.408478043890087,2.1115686533514113,6.976302973848902
-11.456685106050163,-10.914051966279743,7.18676486643221,2.752318582832251,3.4377433823519192
-5.047960884357558,11.290632096904218,3.576292343020821,-0.19094008743191182,-2.700399569281929
-3.9882004270292484,7.246191857365687,7.188685127291175,3.044216141835874,-8.958355976933232
-4.293789954061814,-7.361537246285214,2.494066135372393,0.02667425140416846,-9.352837382410952
-5.358287499954054,-5.638303687868548,10.831409686835721,6.168777207976757,6.107581218689837
-9.579172053623708,10.709011552478936,10.220791640367459,-2.904555380110506,-10.818194561207697
-9.607012431349267,-5.076454248232449,2.58174190534209,1.186206705071747,-5.057318039031708
-5.791186591489849,6.799672498596383,9.557224417588646,-4.471634700819422,-8.302182585389396
-9.058985448252276,8.29711352598992,4.166082154062277,-5.494786137295352,-9.579917691814808
-1.882606838038484,3.135275756558995,0.6553206895328101,2.5637533915481026,-4.664227451165039
-5.7120589112005336,8.58714767313444,5.000765731363798,3.516486186116979,-4.7447825568846005
-2.1413931560838098,-10.406907838095815,6.0629624642111315,1.176946408282654,0.12810002281807797
-15.233857250576868,7.7520223200170015,6.92738751943178,-5.273648610442276,-9.446526078635863
-7.76089575136242,6.121258749222149,5.69962746692403,-2.1139246864969268,-5.938349914938273
-0.0396858711670065,9.234240029763534,0.7699961370049397,-1.9120666322501165,-7.886981289021655
-9.387337962409335,10.946014696352185,1.9612152453488072,-7.340375818473362,-3.9807066169925065
-6.067888541627976,9.941261719351006,2.758356972140896,-4.554153931176552,-8.317571337233474
0.9651349974474535,11.38927421008713,6.512238287384567,3.8582062117335716,-6.916367509692014
-7.768422170956536,-6.503482432938608,2.575565368386738,-2.537137546915074,-0.9956080438992956
-5.547690984056022,9.957028125984143,1.9158066096644686,-2.2637414200651422,-2.4826808843866077
-3.9345511962801236,14.027927628056453,5.182304550649613,-9.112070086301511,-5.940841915124376
-11.154892884285498,-3.360933404122072,6.565947290333675,-1.3407000934776918,-4.745534301043644
-6.07895879566817,-6.169435369765699,7.570374883324976,5.218741360060229,2.6095862056197925
-4.453184673656921,5.282493614445817,1.8081686223782123,-1.3397068039536508,-6.991471687313586
-9.147931078127304,14.234858928006158,9.339370763605032,-6.558809730151974,-9.03707733210385
-1.006446060179608,6.081620393802668,4.937875752515779,4.2273310540560995,-11.887843034515384
-8.626894156333051,8.206065624864648,6.7925056036159885,6.4802408402288165,-6.657342849891944
-6.991776302805471,-6.655439125725071,7.479360572920601,4.220220466510913,3.919301815595162
2.089019115954983,8.688005682827749,5.845014002524926,4.04360165907407,-8.083288606808779
-4.83056522036347,5.28032201826407,-0.6962819104847346,6.461302618408281,-4.916530222089097
-5.480806598444815,7.315392939390006,4.938832931491025,0.4627427215921345,-11.531617484349669
-10.045719623225583,11.522523073305656,9.518959766392188,-8.111186167958326,-10.357199516531322
-18.352361564567772,10.707876455712888,9.360657339267021,-12.842015093059992,-9.3926927699878
-7.976771692403126,-3.4351004632508824,2.000476841147392,1.9910968205496973,0.17008049363961764
-7.850435615280686,9.756938148482346,3.729645993363769,-2.163503281441003,-6.839089374938897
-11.423617386799808,9.28708665209465,5.360946142456656,-7.830480726056045,-10.58245304687349
-2.727291137744392,-7.146600396478932,9.107785940494562,4.582546911205099,6.438237325281204
-4.307375559384816,2.642598955268901,3.062613771185818,-0.30422830072036167,-6.428445831722647
-6.4114735806785035,-6.560779094492399,0.005927740813465587,-3.5958075615770326,-6.200952020962306
-7.6010857877503515,-9.962790179284802,9.456402820109178,3.355090169322295,3.078553058463669
-2.659911951400161,8.297441987599093,1.917187850103308,0.24285569223573367,-4.613453513674002
-4.3783431296292346,-7.4607875189507,7.113025781122762,-2.960582565683799,5.450306213318666
-2.2480564183382366,8.11726407680072,4.915161165834609,-3.989537059861947,-7.538642854663806
3.7170047728835662,11.627660238493398,3.6618082397245777,5.576811450432567,-8.103853310215925
-2.5461453007893486,-6.632352043397102,-1.4661703833017024,-3.1480835092881616,-0.052102916526709286
-5.400155890633279,-8.28381938555139,4.748449574955062,4.12322987309115,2.434538077207587
-7.02450892446563,0.44462684915385786,-3.520688766524989,0.7176562419371484,-5.992999658315841
-5.932024558992001,8.757868430449262,11.12103122655829,-5.307215414828142,-7.374758569212106
-5.936834551607461,13.96214519900724,9.643785510452316,-7.048078724588622,-5.1523103848481595
-9.503766641976567,9.370840053307276,9.90653951350317,-4.329123087794619,-6.438581532093419
-6.838321717537108,-8.91070301796602,7.917777197802268,1.5892189990923482,2.4404655352802003
-0.46333870916785846,8.083485858417953,5.612377893693427,1.5827405208376781,-6.588639296173115
-11.5955283300637,12.517911105428116,4.832006196797844,-0.2751886457936683,-4.329723041840181
-4.855651116776135,-12.206493821322907,8.470752154050855,2.521656859503344,5.638805347945356
-4.484596353617899,-0.3035018293027969,0.07678980560175863,-2.71166742171192,-4.173833319469369
-8.592369122376908,9.969696082577086,8.777208267425554,-7.059676898144007,-4.82418326132974
-7.439741220669934,-3.484989738782492,-4.833577066050203,-0.1351411927156727,-7.263531720585376
-10.094775283653982,9.60835353257943,10.134487723833008,-8.535277189006198,-5.648393707653632
-10.000655657967027,12.256820684848702,11.485687589974372,-1.808474425682335,-1.4436070677438089
-8.06012603025803,-8.752093287831558,11.158878503320599,2.5955974389238854,4.300761200389355
-3.1865265245123573,9.216870742262094,0.3656342775877306,0.340021510365184,-6.546859422021672
-15.568875727857014,-2.5732036422938283,6.904754031033182,5.346848685076726,1.0417337745443165
2.1442583035148184,9.361310031076897,8.177770388419582,2.175725128171059,-0.6973834165053088
-5.200608621224764,-4.002943581864181,3.8732793849612617,-1.515280797923144,-9.494514600659805
-1.879561717323429,-2.8483150944522655,-0.4440454589247058,-1.363225410887623,-7.926640397948313
-10.366950146835702,11.614628485902395,8.494955268047596,-8.559533892568263,-3.105554307332891
-3.319018676594806,-6.922137090548457,3.8945081773072525,6.922594831767464,0.7224153768648449
-8.364603759938289,-0.3328269316671282,-2.448367960774288,-2.754312414085848,-2.789234516283472
-6.9390229900559905,-7.180857893384567,7.995265317692687,6.1147215247857085,4.5371250638646305
-9.220299166099565,14.272232418648567,7.618090635356523,-6.510278292813339,-7.23893446260462
-10.706809570359251,14.579088596940101,5.449944259164629,-5.079163609178819,-3.565728160238718
-3.3953356505859373,-3.6592007131141733,-1.929668532278022,-3.852432846827381,-2.607874880241889
-3.6644444643017,6.983520127280445,6.474907702750706,5.066168251428585,-4.085786833802675
0.39673734854591736,6.908126846566264,3.656892396434797,0.796845224544259,-11.270172035547626
-0.5228055994896101,13.772336576634377,0.9264323397475542,8.372269807909532,-12.735890589718775
-17.250073518789815,12.201156776957706,2.5482167207621726,-6.4275139921125275,-9.873839734036066
-2.959571642973283,-1.0725757544406722,-1.82350437082607,-0.13994276578407971,-7.090387399663019
-11.427341938267642,-4.195812152645825,12.711155934785268,0.18393416341101698,2.998346876112956
-7.155885294604605,11.778663204896525,1.4032568962938932,-1.8401970578000193,-11.35097661996501
-5.499778989056749,0.16682064670670727,-3.431332564712579,-10.419636094620161,-3.623868561778077
-5.200960737510245,9.2416998027795,2.6083937016917664,4.898528884193985,-7.320799335657686
-13.629688982673041,6.483354927707931,10.250094539841712,-7.723900623348664,-9.504233603903806
-3.78925923118042,-8.12196027955647,6.546396478036594,1.4332506876092408,3.946647777678717
-12.589304087900675,7.364962131665331,8.19057636498518,-5.214472440615683,-5.31161035803731
-11.42851810470677,8.490787983775501,5.484322360384749,-5.241969119308013,-5.881778712708394
-9.414961117259505,4.468712941602664,8.740501638561675,6.908072824444583,-7.626735309820405
-10.470764297298114,-5.795306814579141,3.0823090497930337,1.4982755089705746,-2.6361609357472826
-5.463680856639397,7.46030450586628,4.251276796057675,-7.201448352980574,-9.223486480634126
-12.01712067384889,10.670380176632156,5.227334774795687,-5.796574599069314,-4.724647911846889
-1.8598218543068255,9.151001647909762,2.6850777934106502,8.40500195191671,-4.977870124197237
-8.923264565700588,-6.316397109669838,5.36565097759153,0.6837499352198364,-1.507170636915684
-10.764154020438664,-5.3558473945004526,5.920419311563029,3.061811880056323,4.020689819283357
-6.289090599422021,-6.77697339899918,-0.7259803061355843,0.6978557437124171,-3.8577338366934586
-9.874348248857858,-0.5721900568026292,2.6412725789684894,0.7934575499661181,-2.8599899796099795
-6.652093419038712,-7.222059779296902,4.5615021362606045,2.53038270697241,-0.07969193479403192
-10.60378126028176,-4.71511212851249,-0.7926046282512282,0.4045601821544742,-8.969790251690405
-12.749357371523013,6.1947882785023065,9.499775591929163,-0.6213776686887007,-6.676848311470402
-7.554684155491229,7.435969993857615,1.1569541254390652,-4.219609987859535,-2.242525020369114
-6.31264299349851,-5.224312812388952,0.16629922086726479,-1.6261885047736913,-5.2854502856855445
2.0794533353290907,8.540262432461354,3.3592356263858414,-1.0631434418397703,-11.844197206748579
-6.213708278374808,-10.274573621626443,11.090791292219265,-0.6615216717943362,3.6008366234368316
-9.6608969332567,6.687091461049501,7.621930661173245,-9.290337159913884,-2.800462490473296
-2.1093115617855798,9.379984308620205,9.164325139363362,-5.507729710791782,-6.660169615431416
-8.620084138629966,-6.22258219017114,-2.324580670681837,1.1273248986375601,-4.756895612357572
-2.073100789390412,-5.716425838025361,-5.104491221437091,1.6614414423530812,-6.229306673319173
1.930634793617327,9.246391051141176,2.0560262322433105,6.542541915749704,-5.262897060097294
-0.7779812415111302,8.405149970069344,5.753316456342028,0.16121412379327027,-6.61985782873257
-4.518363823865224,-1.2681559538390181,-0.8611423658544839,-2.7712260704361897,-3.377782507083016
0.7871329329088201,11.49053517516241,7.080407744230017,5.889606105403719,-6.816615666252993
-13.100280290500395,-9.866390538877056,6.209200317511328,-2.200234849289288,1.828001493148283
-3.9780969392372523,-3.9729362800124295,-0.29354385498004576,-1.293701948721546,-2.5340598505135317
1.3237970643125245,7.239571961690832,6.281170979738215,1.36659172663905,-7.532670800832931
0.8974992974890466,11.876291418677928,6.594052590145496,1.027361950019695,-4.602719529671468
-9.326091684874562,-5.067068956666301,1.2457292513998408,4.625902842194208,5.154338471976921
-9.770292555527814,7.272976742508497,2.107709638169954,-11.162636815202312,-11.115908484874456
-9.959655491509128,-8.439418734195382,5.223160470681183,5.607440121638703,-0.40810915843041506
-5.962178355319659,10.141380183235338,2.837962766471686,1.0980884345609017,-8.68474702783946
-10.930275801060205,13.241246128445225,6.852419347590645,-3.1948967610678185,-4.909302203974564
-8.610921164337451,9.981349947971895,5.589353937576371,-4.737766256049404,-7.249704886275076
-7.404246071362605,-4.456330186096469,4.6136740566743475,-7.996685361146206,0.4248839078498152
-5.478012083828492,8.636925367899376,4.807053573094185,5.255744239353578,-11.957021080295728
0.3301371624388789,-9.011184147736767,7.9268200556436055,5.1742634228870115,7.47802935479486
-2.5887392494004007,9.1949767580214,12.02960517368396,1.3960867895973643,-5.974985164150433
-4.511740625522775,-4.464744996970409,2.098645578086408,1.3018666504638228,-5.137420072710737
-13.903144049036051,12.155883846965496,4.644420559391454,-0.13332445778184,-3.123356458714042
2.756824904276863,8.267393682761101,7.5545916890911675,3.9092975326961747,-2.7737325185542243
-8.43294349038446,-8.166963901719315,7.274254227280447,5.587480055208427,11.742248833541774
1.2915358245071182,6.8912777313419795,5.971337120666787,4.297071844228743,-9.66041860588552
-7.411215740298581,-7.89329819905536,-0.7452668507250708,-0.5802581074090267,-7.066693974670994
-3.9421699633481,10.451225605437497,5.640865152088946,5.08578951671443,-8.40967638771551
-6.227810973736778,-6.228124564569748,8.810568579416516,2.473556950294905,5.2563345633195855
-10.98216200597913,10.001676010858404,7.498716430646862,-6.529932707546709,-4.603419251432164
-11.417658827042098,8.996145543221132,6.692917400196027,-8.107912725681196,-4.418659354326411
-9.943808044668087,-6.71325841473795,8.0549250568123,0.33006434265399065,0.3205383599082259
-5.154661901395023,-5.442046017931742,0.418405696068774,-6.66832734182504,-6.259556589306336
-11.885861814908715,-7.640658388820173,9.265110734606926,0.5727408479660536,8.883411845791008
-8.072069527041453,-3.1969416392031142,1.9941839635535588,0.054907185600137964,-3.947551392290899
-5.237359987436967,13.22266906100662,0.43432564785125827,3.7337409653415428,-0.308260313721334
-3.4021201831832024,-12.081517739435702,9.171329736331494,3.801604008769327,3.232812237978938
-5.614347330570093,-3.997193949460069,8.684125820040643,1.2898303289922297,7.053713060785981
-5.603736907921053,-11.739256186023649,7.180388847072764,2.0114926175924706,0.6863574883432806
-0.9303762583987627,-0.1983160819909333,1.1241068784686346,-2.8360081840538274,-1.7540494061272303
-10.71884049348305,-10.712783489723048,7.4017960661312046,3.575277296271545,1.984220116460512
-6.036535321367819,-8.525724444780382,7.135743531800136,-0.2395935317358533,3.3194263253205865
0.18960200324700205,9.93618469082815,7.078465192744982,3.862056209711569,-9.366612223917487
-0.14794381182539418,12.490072865220533,2.17783188117297,4.8632980716736975,-5.641284410341775
-5.056420064126329,-8.278500387166936,5.984222071847118,2.6045702135590982,7.382346805500225
-10.721397650764796,-3.5739452106829166,1.077734691847537,7.1116693397342905,4.7945039575287645
-9.670223732613747,6.598393166020298,5.319006062433905,-8.40762592851518,-6.882338835628257
-9.390902819007671,-3.98581159343196,-0.02793414106375025,-0.6851758610348604,-5.283997982539237
-7.570589010475757,15.097842847925532,6.250951576860715,-8.676805700446401,-3.0422586479970692
-8.764482336562338,-7.687888717553094,-0.2069309446761869,0.03797549618131835,-1.2134136462718557
-4.19452993319275,-6.932812351590101,10.472181061456709,0.41659460018247163,8.113633752823887
-11.958980035862103,-9.13334663702026,4.35774959404595,-1.288467716783137,4.701134009381344
-6.273059829849354,-1.896571432908786,2.270571033868891,-2.4232217599807564,-5.896222514729864
-7.4933017522998675,-4.05138879460596,0.5712938942719878,-7.120119095750654,-4.216930434321873
-2.6072818673350295,2.8119598280786917,4.372518717689736,-1.9402388175738277,-4.870609544661155
-7.559757117270635,-5.487420334613023,0.9521932487459233,-3.8283594243042867,-0.812325194065747
-8.692051388986892,7.142823892954333,5.369780027391806,-2.3078806588442125,-6.023689424244695
-13.3511783835917,10.278870839739774,2.57910740213822,-4.353927839133898,-6.470425102750438
-2.6759516357841155,9.854192007157783,1.263411694332972,9.310425622791211,-6.491963645225588
0.10776428710928432,9.564312145413377,11.209287635881118,-0.4517251721247222,-9.398792717693599
-6.257046531786613,-8.02359124504989,3.4932771880377746,-1.2208693863606115,7.320910115919619
-11.829945151527422,2.1254762624210617,9.300989005091585,-3.542686095157177,-7.2074833272126275
-11.044538259136822,-7.295457547538661,-3.0866463865524087,-0.9322703428665648,1.0221278024161142
-9.815227926121043,-7.613569489492595,2.2157721027851824,5.109767146841106,5.579244003160038
-6.923925063853302,-4.368974991769781,-0.08959620841328575,2.040210663443508,-2.3947470291965756
-3.318822428932864,6.0779949808513996,3.306999055999767,3.1050711630752885,-4.608661341215214
3.0881259103815193,10.435784890933684,1.0659683446201553,3.942830509842221,-9.803672201833233
-4.923140958035688,-13.567504227588758,11.75314396467639,6.162574297306531,2.2847634513923207
-2.630321494138869,10.578150561423001,7.22500016547853,-6.680567179041981,-5.962877941511141
-9.921988298130053,6.686474118845517,4.442262988239136,-2.044938260803165,-3.0895702940751804
-4.858957500061461,8.048101579581294,7.080430488337111,-1.7194232653611339,-6.197247387338882
-6.022513421101232,-7.834957386674935,9.299155733517194,8.052913851163225,3.6306098734387606
-4.156622442387333,-2.3666202794643705,-1.4293161530240994,-0.06533199313586335,-1.7741886203561146
-0.7237265467420093,6.5596240784979045,10.917040663284482,-1.044882460558374,-10.522193029514467
-8.900581466007552,-8.001345269964604,4.817481755719431,8.45774761818434,0.5986562988323705
-8.237028551023176,-16.10996573652288,2.5718144450415332,4.303544203297068,6.518852031873406
-6.847556235384203,6.988660191198852,11.126918522887001,-6.566588589562183,-6.4276025389032965
-7.391824936702238,9.158540968182468,5.419046341392547,-0.7397801913724935,-4.963849814819149
-5.475247578358353,-2.3517878556712306,2.4307753904949285,0.30571377085266027,-3.9066751522734147
-7.168798593926749,-4.7544356462967485,2.866244320799891,-0.3409457434510139,-2.4635782043805685
-3.891113935932113,12.18565280685507,5.670733704933486,-3.3159507821474694,-5.9073752829668855
-8.0475097943748,7.800094524254152,3.139102308877572,-14.370004426279426,-6.446045371009896
-4.069035813490601,-0.34841502638531674,2.6200401742479484,-0.3067550045329366,-0.964966481089879
-12.45367785213201,10.668994240020268,12.83642757373787,-8.955816529197296,-6.290842285839713
-11.227043458841399,10.573609059447525,2.212118109686049,-5.20313802709701,-6.409430203376974
-1.8369201776214998,9.052063330543707,4.932907131874597,-0.34585966762566756,-6.806096668374442
-1.620836791859022,9.79745194473799,4.6552192061554845,1.2694082838152911,-11.125739417302512
-6.3707881021545445,8.30333885461123,4.131223813991417,-8.887645368497576,-12.262570423985993
-10.636260502438544,9.339938225576688,5.7393134675056094,-3.3533920806083266,-11.212432481167752
-3.5004145046326745,-9.644993828300501,4.003945189273692,9.742379644613756,4.3391068579643735
-8.401093125123845,-5.394523608008562,4.8260246430512,-5.130620309995454,-1.7358016357952293
-8.621768115467068,-3.8013416344664392,2.5451156110779656,-1.98904108589577,-0.9564830527411257
-14.277882540173923,12.047526374681363,6.41534122497003,-6.294657527206354,3.2158220476765953
-1.8470071510466246,-10.499092481759995,9.030472153054529,6.90749010424979,3.0240683329584477
0.24438821811157796,15.380754719236222,7.737274617881542,-2.5849402139213087,-8.332329409750024
-10.55740658228297,-13.231452397265471,7.996878371178619,5.16359514270064,9.213234630294515
-4.4808919542012315,-1.8644471712078126,-3.6027385009568453,2.274732329001516,-3.391665602337593
-0.7795267338854508,9.948036591828929,13.876521261593814,5.331894418244462,-7.26337996559357
-5.570690818447604,-2.5120756255129457,3.7524876074627986,-1.067150166744999,-3.2512655775268544
-11.13462173836087,-6.400646215149983,0.1853643521976151,-6.290666060620187,-4.702980409335375
-10.230653513714117,-1.4259578871717222,2.9293182961195336,-4.80588949341554,-1.7190842647745797
-9.837626831970036,4.88403592114688,8.929020707077242,-5.505898527630967,-10.73615515425278
-8.274535219836801,-1.6825792263094352,-0.0485438870095517,-3.3092187421219634,-0.21150509922012528
-9.942515695057187,3.0326323462141023,4.825386854725139,-1.862234146751149,-6.432104842754634
-2.369914687974495,-6.206240884908996,6.660630394009711,2.102957751847768,4.786599979763566
3.14936008057884,9.538019566693839,5.412530008396395,1.7498319366422304,-12.635940837048395
-9.028261947900708,-7.906096018026215,-0.07223253968634324,1.4038507086156926,-4.558064557171764
-5.128325037298055,-9.91620402899719,9.09548740757563,5.348410976612898,6.622898099513002
-4.690115410797423,-2.2685036348571526,-0.26973874801633624,-1.7374624071663858,-3.191778623561089
-12.859507346412489,13.630994182478696,6.35308841915565,-5.696668917599934,-4.238857386088316
-1.0152027493164009,13.367716951583446,7.517691314483722,8.4327170564754,-9.181669879815418
-8.567509920958749,-6.941104539469448,10.241186264378893,3.887730121515765,-0.5492226037504606
-2.62351763751267,-3.6491823679249333,1.087075754861544,-3.2140553134607357,-5.12363576412031
-4.088179034578722,-7.133384218028665,1.2128692249782058,4.861148382092235,-6.933570970798431
-6.328293376844651,-6.366421034013817,2.4728656379419727,1.4516107857219902,-8.998096789146084
-4.615737477788891,-4.101728191807179,3.8681887122562655,-2.363331320097507,-2.4815994183583605
-6.319809299844712,-11.104476553695978,5.488969506522858,-2.197683055680491,1.391751817588196
-14.970769522100662,-9.001212356189447,6.630719324872669,4.110919329304431,9.708319840756944
-1.7984450121892808,-8.268682210963922,0.4588617891065936,-5.118279960397042,-3.0845215481642576
-3.934033556535619,7.054298430477186,9.936241557071392,3.1881148168235987,-10.662279054156405
-10.389920660461927,-8.48223269946292,3.833193757614533,-3.2488898082360516,0.4257659337103359
-6.012603661552492,-1.472427336903328,5.410302962744755,0.4293093698587227,2.292029976646616
-8.256762381882767,-5.602285256342124,7.207997506996581,1.5044183350417168,6.812431368380926
-2.7252279877937515,12.024884821874394,5.7247869113710035,0.03781042012535929,-5.795440374626028
-1.469852994561823,6.974211963462849,5.336639927711112,2.852387103836776,-9.022681445230374
-2.7041027342421486,-6.083377938629072,2.6120211046291724,-0.9465841748468371,6.983765119885557
-8.834363604119291,-10.289985258798975,6.362480990915743,3.294798074069925,5.729958020027407
-2.652067272719207,-1.9416333857782595,6.235007234179726,0.6857926706618602,8.521604987274012
-6.820288521148206,-3.7923976146220824,-2.511433734699661,0.8613734091026926,-5.715057895453917
-3.8872803216734826,6.464753019803946,7.130886285860838,-0.5950817937858695,-6.664928479493093
-3.733081915765279,-10.951358828264288,3.098139026408024,-2.6475872857075355,5.9794814099578275
-1.094792551644763,14.660359617623422,8.676138974693036,6.752729563858923,-8.413274220444826
-4.677480977212754,-2.893387491607755,1.6672163954291896,-5.340516012090934,-1.0334640761748162
-5.430486724098839,-2.04853370867904,-2.92137072069755,1.7562357351031208,-4.4027100556455405
-9.827571773890876,-9.512227206627085,8.973679212572359,-0.8827331297267302,4.477578074358789
-1.873045017407768,-9.617101810726824,2.814094056144384,1.2850710426063428,3.3432808466778976
-6.956771806250282,-5.320140698857916,8.954323379282,0.9104572386058578,6.476547687865943
-9.203362547616452,-2.8837914961595894,0.3491715779334038,-1.2627086409229256,-6.45090320013937
-7.328285250770353,10.54167219788822,10.518111078256673,-3.733673732624602,-6.778868607809309
-7.490850673583032,-10.58337049848194,4.279252723420102,0.07446759966615435,0.48963075563413927
-6.726327589946327,-1.4370136264847266,-0.8151640790698951,-6.180830929373723,1.0733345165771002
-5.375818944854028,4.194947167425604,5.2502697438297705,-0.29588255191217794,-11.146388319944293
-3.7711335913488275,7.986142578618013,2.2330470285632447,1.4893125489427046,-5.6674746207076545
-2.9762293292289885,12.517632313177744,5.403141366131741,2.9859776701663385,-8.115258089518672
-10.267264906927634,-10.41188855547533,8.791646599182457,-1.6440831918116605,6.3004468464380725
-5.11902553804623,-0.20780856534278325,-2.718032406302389,0.6795486891936631,-0.5978946586052363
2.376649013661125,4.873981753553648,-0.4702684818373628,1.8065265872508758,-5.727430844333348
-7.49375780985963,8.816046732256371,1.0068302369407314,0.017661360534254378,-6.737431177202028
-6.777859188498269,-11.148247449811937,8.024880650870946,-2.6453867037467065,5.15409225256428
-7.125454326863156,-9.926742234029506,2.4013827232724365,-5.078874811718103,-3.9956193052401767
-8.584625383025571,9.573649072506605,2.6545194419229374,4.530469688329404,-9.257189406449372
-6.331288608176733,-3.943056104225089,-0.48855551689399634,-0.8955275755807478,-1.700122402036257
2.5201143137730977,9.99506824949081,3.9825772498015084,4.461386427491199,-13.513033118174926
-10.233073204950157,8.474094190682662,8.987834412816454,-1.8222915480756519,-2.1764492234881194
-2.8534069474534474,10.529247965139692,7.237144418738466,-1.6277195372265965,-7.883130898674115
-8.199302768098471,-4.497394103574812,7.913187245033427,5.1178338532700804,-0.2952295631900075
-6.537426647289828,-8.387422472250378,6.232686278857136,1.8514633637009732,5.0848568625970865
-1.718114047693665,-7.282789559542487,-2.2573798303980337,1.6918847733728222,-3.3609312635622173
-2.2286081148337162,-11.833389878852383,10.276490110928455,1.3803337021876487,4.01306042696361
-8.986084656696214,-10.827030509288855,3.1157071000996224,7.271030464424994,0.4298618497470539
-10.334383492634592,14.220233771299863,8.12177767092319,-3.5485844282850243,-4.37485684985575
-5.076715140265272,0.2896406380300425,2.446478910253175,-5.870340532437139,-1.0195743428704054
-7.927882706231233,-9.803232910288159,13.553766866181226,3.1681065915588356,5.451576497494118
-13.922772371170314,-4.773167806449578,3.7980075376404705,4.513942735504097,-7.864065979396412
-14.43370556180048,12.8924151066114,4.445078085614288,-8.18397509747762,-5.761793064165159
-4.528289556143979,-8.24671958920987,-6.393414226766957,-3.012710175632436,-7.837554473781637
-11.667672554950874,-2.9561996630523137,-1.0174108603782572,-1.605667646462623,-3.132387745424152
-6.546707558505524,-8.468776380851674,-0.5759589697750709,1.3100498634016735,-2.4498021477194625
-7.939314192088217,-9.037229013588085,-2.8544446872012204,2.346335232863131,-4.6431117298491635
-1.033440108533233,5.053586507136395,10.134255133791163,5.511490046104593,-8.287154147465385
-4.829912638787695,-3.7658340792663654,0.5163181085292866,-3.3420630455780262,-2.078931935431557
-1.4094028847622053,6.194646769216256,3.0982780842180206,-1.204470881726123,-7.067664482970786
-6.179246697363269,-3.395130147698021,1.226988226370258,-2.0307063910621004,0.29417311976708493
-12.783651103310069,8.482522930175882,4.820316209530587,-6.314131695390815,-6.193550881166666
-5.275693595585627,11.623103888515303,8.706792412642955,3.2134743936118344,-1.249239753477072
-6.0263409171453635,0.7319053136763163,-3.2221925943169456,-5.7636754244150055,-3.6811346723296112
-6.514080149339862,-1.1580741418296263,7.035343216324754,5.470120213721203,2.0519222805432467
-0.9640918214267709,10.555643980934947,6.185021895146245,13.531364155904896,-5.166955659071769
-1.0894847493321156,8.795799390227703,2.0994976820228866,-2.5713719901168623,-8.219172047352334
-3.972016295270231,7.716611564739459,5.823235263362992,0.7102162414799431,-6.010302620462031
-1.9950927794828388,8.6673412810336,3.736567749460235,-2.4623962871615497,-9.039159816335395
-5.901710526549593,-12.591668485791919,10.095603973119406,1.4675938255352086,2.59328249436379
-7.730847331068357,15.570683452374983,6.71123393903466,-7.93722661012188,-6.912189979172508
-11.5498552892552,-10.122673239533748,11.825802287401636,4.572965461204655,3.1154951526973313
-5.4109142138909645,8.648057499443027,7.514933703848007,-4.972252270120815,-6.766426880269631
-5.62093608603212,8.443270093947497,2.0130240760738296,-2.1752295089522757,-4.101094548556346
-11.013021083951525,12.012088935611619,2.61091377526819,-5.374079047795242,-0.5467136586831334
-13.843407312883047,4.115770607297558,2.0718838722981516,-1.9654654761529304,-8.019075093535328
-6.1423980657978055,6.350731586304695,6.833892365552351,-4.4667682854427575,-4.284183834068555
-9.357754465207647,8.72362909781565,4.698845073538056,-5.247253770534294,-5.037678707149761
-7.381463834226509,-8.398186697336042,10.943049815023773,-0.4285067780975327,5.267471482539612
-4.103862547852156,-2.4684082827672738,-3.2178586343371363,1.2463685660101342,-1.5135446842389353
